-- phpMyAdmin SQL Dump
-- version 4.8.1
-- https://www.phpmyadmin.net/
--
-- Hôte : 127.0.0.1
-- Généré le :  mar. 12 juin 2018 à 23:28
-- Version du serveur :  10.1.33-MariaDB
-- Version de PHP :  7.2.6

SET SQL_MODE = "NO_AUTO_VALUE_ON_ZERO";
SET AUTOCOMMIT = 0;
START TRANSACTION;
SET time_zone = "+00:00";


/*!40101 SET @OLD_CHARACTER_SET_CLIENT=@@CHARACTER_SET_CLIENT */;
/*!40101 SET @OLD_CHARACTER_SET_RESULTS=@@CHARACTER_SET_RESULTS */;
/*!40101 SET @OLD_COLLATION_CONNECTION=@@COLLATION_CONNECTION */;
/*!40101 SET NAMES utf8mb4 */;

--
-- Base de données :  `rose`
--

-- --------------------------------------------------------

--
-- Structure de la table `concept`
--

CREATE TABLE `concept` (
  `id` int(11) NOT NULL,
  `name` varchar(255) CHARACTER SET utf8 COLLATE utf8_unicode_ci NOT NULL,
  `description` varchar(21000) CHARACTER SET utf8 COLLATE utf8_unicode_ci NOT NULL
) ENGINE=InnoDB DEFAULT CHARSET=latin1;

--
-- Déchargement des données de la table `concept`
--

INSERT INTO `concept` (`id`, `name`, `description`) VALUES
(1, 'Gestion de projet', 'Gestion de projet'),
(2, 'Concept et mécanique de sécurité', 'Concept et mécanique de sécurité'),
(3, 'SQL', 'SQL'),
(4, 'Langage de gestion de données', 'Langage de gestion de données'),
(5, 'Python', 'Python'),
(6, 'Informatique de gestion', 'Informatique de gestion'),
(7, 'Deep learning', 'Deep learning'),
(8, 'Réseaux distribués', 'Réseaux distribués'),
(9, 'Programmation web', 'Programmation web'),
(10, 'Java', 'Java'),
(11, 'Théorie algorithmique', 'Théorie algorithmique'),
(12, 'Logiciel de gestion de données', 'Logiciel de gestion de données'),
(13, 'Affichage et compréhension de données', 'Affichage et compréhension de données'),
(14, 'Architecture web', 'Architecture web'),
(15, 'Logique mathématiques', 'Logique mathématiques'),
(16, 'Langages informatique', 'Langages informatique'),
(17, 'C++', 'C++'),
(18, 'Analyse d\'image virtuelle', 'Analyse d\'image virtuelle'),
(19, 'C', 'C'),
(20, 'Analyse médicale', 'Analyse médicale'),
(21, 'Système d\'exploitation', 'Système d\'exploitation'),
(22, 'Electronique', 'Electronique'),
(23, 'Signal', 'Signal'),
(24, 'Connaissances sur les telecom', 'Connaissances sur les telecom'),
(25, 'Architecture réseaux', 'Architecture réseaux'),
(26, 'Méthodologie agile', 'Méthodologie agile'),
(27, 'Communication', 'Communication'),
(28, 'Web design', 'Web design'),
(29, 'Commercial', 'Commercial');

-- --------------------------------------------------------

--
-- Structure de la table `hibernate_sequence`
--

CREATE TABLE `hibernate_sequence` (
  `next_val` bigint(20) DEFAULT NULL
) ENGINE=MyISAM DEFAULT CHARSET=latin1;

--
-- Déchargement des données de la table `hibernate_sequence`
--

INSERT INTO `hibernate_sequence` (`next_val`) VALUES
(6);

-- --------------------------------------------------------

--
-- Structure de la table `job`
--

CREATE TABLE `job` (
  `ID` int(11) NOT NULL,
  `name` varchar(255) CHARACTER SET utf8 COLLATE utf8_unicode_ci NOT NULL,
  `description` varchar(21000) CHARACTER SET utf8 COLLATE utf8_unicode_ci NOT NULL
) ENGINE=InnoDB DEFAULT CHARSET=latin1;

--
-- Déchargement des données de la table `job`
--

INSERT INTO `job` (`ID`, `name`, `description`) VALUES
(1, 'Consultant (Developpeur/Chef de projet)', ''),
(2, 'Chef de projet Cloud', ''),
(3, 'Developpeur et Scrum Master', ''),
(4, 'Architecte devops', ''),
(5, 'Consultant en Cybersecurite', ''),
(6, 'Data Scientist', ''),
(7, 'Data Analyste', ''),
(8, 'Data Manager', ''),
(9, 'Chercheur', ''),
(10, 'Ingenieur Systeme', ''),
(11, 'Developpeur produit e-sante', ''),
(12, 'Architecte plateforme embarque', ''),
(13, 'Specialiste qualification', ''),
(14, 'Specialiste Integration', ''),
(15, 'Responsable Systeme', ''),
(16, 'Expert Techno Embarque / Responsable Support', '');

-- --------------------------------------------------------

--
-- Structure de la table `job_major`
--

CREATE TABLE `job_major` (
  `ID` int(11) NOT NULL,
  `ID_job` int(11) NOT NULL,
  `ID_major` int(11) NOT NULL
) ENGINE=InnoDB DEFAULT CHARSET=latin1;

--
-- Déchargement des données de la table `job_major`
--

INSERT INTO `job_major` (`ID`, `ID_job`, `ID_major`) VALUES
(1, 1, 1),
(2, 1, 2),
(3, 2, 1),
(4, 2, 2),
(5, 2, 3),
(6, 2, 4),
(7, 3, 1),
(8, 3, 2),
(9, 4, 1),
(10, 4, 2),
(11, 5, 2),
(12, 5, 5),
(13, 6, 7),
(14, 7, 7),
(15, 8, 7),
(16, 9, 1),
(17, 10, 6),
(18, 11, 6),
(19, 12, 3),
(20, 12, 4),
(24, 13, 3),
(25, 13, 4),
(26, 14, 3),
(27, 14, 4),
(28, 15, 3),
(29, 15, 4),
(30, 16, 3);

-- --------------------------------------------------------

--
-- Structure de la table `major`
--

CREATE TABLE `major` (
  `ID` int(11) NOT NULL,
  `name` varchar(255) CHARACTER SET utf8 COLLATE utf8_unicode_ci NOT NULL,
  `description` varchar(21000) CHARACTER SET utf8 COLLATE utf8_unicode_ci NOT NULL
) ENGINE=InnoDB DEFAULT CHARSET=latin1;

--
-- Déchargement des données de la table `major`
--

INSERT INTO `major` (`ID`, `name`, `description`) VALUES
(1, 'INGÉNIEUR LOGICIEL', ''),
(2, 'ARCHITECTE DES SYSTÈMES D’INFORMATION', ''),
(3, 'CONCEPTEUR DE SYSTÈMES EMBARQUÉS', ''),
(4, 'ARCHITECTE TÉLÉCOM & IOT', ''),
(5, 'INGÉNIEUR EN SÉCURITÉ NUMÉRIQUE ET RÉSEAUX', ''),
(6, 'INGÉNIEUR NUMÉRIQUE ET SANTÉ', ''),
(7, 'INGÉNIEUR EN BUSINESS INTELLIGENCE', ''),
(8, 'INNOVATION ET CRÉATION D’ENTREPRISE', 'INNOVATION ET CRÉATION D’ENTREPRISE');

-- --------------------------------------------------------

--
-- Structure de la table `module`
--

CREATE TABLE `module` (
  `ID` int(11) NOT NULL,
  `name` varchar(255) CHARACTER SET utf8 COLLATE utf8_unicode_ci NOT NULL,
  `description` varchar(21000) CHARACTER SET utf8 COLLATE utf8_unicode_ci NOT NULL
) ENGINE=InnoDB DEFAULT CHARSET=latin1;

--
-- Déchargement des données de la table `module`
--

INSERT INTO `module` (`ID`, `name`, `description`) VALUES
(1, 'Organisation des entreprises et des SI', 'Organisation des entreprises et des SI'),
(2, 'Génie Logiciel', 'Génie Logiciel'),
(3, 'Cybersécurité', 'Cybersécurité'),
(4, 'Gestion des risques et audit', 'Gestion des risques et audit'),
(5, 'Architecture des systèmes d’information', 'Architecture des systèmes d’information'),
(6, 'Bases de données et Big Data', 'Bases de données et Big Data'),
(7, 'Machine learning', 'Machine learning'),
(8, 'Architecture et programmation distribuées', 'Architecture et programmation distribuées'),
(9, 'Technologies web', 'Technologies web'),
(10, 'Algorithmique et programmation avancées', 'Algorithmique et programmation avancées'),
(11, 'Applications mobiles', 'Applications mobiles'),
(12, 'Méthodes et outils pour la BI', 'Méthodes et outils pour la BI'),
(13, 'Analyse de données', 'Analyse de données'),
(14, 'Web sémantique et gestion des connaissance', 'Web sémantique et gestion des connaissance'),
(15, 'Méthodes formelles', 'Méthodes formelles'),
(16, 'Langages et compilation', 'Langages et compilation'),
(17, 'Applications multimédia', 'Applications multimédia'),
(18, '3D, réalités mixte et augmentée', '3D, réalités mixte et augmentée'),
(19, 'Programmation en C (système)', 'Programmation en C (système)'),
(20, 'Instrumentation et systèmes pour la santé', 'Instrumentation et systèmes pour la santé'),
(21, 'Organisation des systèmes de santé', 'Organisation des systèmes de santé'),
(22, 'Acquisition et traitement des données', 'Acquisition et traitement des données'),
(23, 'Vision par ordinateur', 'Vision par ordinateur'),
(24, 'Robotique pour la médecine', 'Robotique pour la médecine'),
(25, 'Réseaux d’objets communicants', 'Réseaux d’objets communicants'),
(26, 'Électronique des objets', 'Électronique des objets'),
(27, 'Réseaux cellulaires', 'Réseaux cellulaires'),
(28, 'Communications radios', 'Communications radios'),
(29, 'Services et technologies convergentes', 'Services et technologies convergentes'),
(30, 'Intégration de systèmes', 'Intégration de systèmes'),
(31, 'Traitement de l’information et haut débit', 'Traitement de l’information et haut débit'),
(32, 'Véhicules connectés', 'Véhicules connectés'),
(33, 'Routage et commutation', 'Routage et commutation'),
(34, 'Sécurité réseaux', 'Sécurité réseaux'),
(35, 'Algorithmique et programmation', 'Algorithmique et programmation'),
(36, 'Routage et architecture avancées', 'Routage et architecture avancées'),
(37, 'Conception et modélisation de systèmes', 'Conception et modélisation de systèmes'),
(38, 'Fiabilité et Sûreté de fonctionnement', 'Fiabilité et Sûreté de fonctionnement'),
(39, 'Microsystèmes électroniques', 'Microsystèmes électroniques'),
(40, 'Microsystèmes informatiques', 'Microsystèmes informatiques'),
(41, 'Électronique numérique rapide', 'Électronique numérique rapide'),
(42, 'Automatique et Temps réel', 'Automatique et Temps réel'),
(43, 'Systèmes radiofréquences', 'Systèmes radiofréquences'),
(44, 'Approches formelles', 'Approches formelles'),
(45, 'Management', 'Management'),
(46, 'Marketing', 'Marketing'),
(47, 'Design thinking', 'Design thinking'),
(48, 'Gestion de projet', 'Gestion de projet'),
(49, 'Négociation', 'Négociation'),
(50, 'Propriété intellectuelle', 'Propriété intellectuelle'),
(51, 'Financement', 'Financement');

-- --------------------------------------------------------

--
-- Structure de la table `module_concept`
--

CREATE TABLE `module_concept` (
  `ID` int(11) NOT NULL,
  `ID_module` int(11) NOT NULL,
  `ID_concept` int(11) NOT NULL,
  `niv_att` int(11) NOT NULL
) ENGINE=InnoDB DEFAULT CHARSET=latin1;

--
-- Déchargement des données de la table `module_concept`
--

INSERT INTO `module_concept` (`ID`, `ID_module`, `ID_concept`, `niv_att`) VALUES
(1, 1, 6, 4),
(2, 1, 1, 3),
(3, 2, 1, 4),
(4, 3, 2, 3),
(5, 4, 1, 3),
(6, 5, 6, 3),
(7, 6, 3, 3),
(8, 6, 4, 3),
(9, 7, 5, 3),
(10, 7, 7, 3),
(11, 8, 8, 3),
(12, 9, 9, 3),
(13, 10, 10, 3),
(14, 10, 11, 3),
(15, 11, 10, 3),
(16, 11, 9, 3),
(17, 12, 12, 3),
(18, 13, 13, 3),
(19, 14, 14, 3),
(20, 15, 15, 3),
(21, 16, 16, 3),
(22, 17, 17, 3),
(23, 18, 18, 3),
(24, 19, 19, 3),
(25, 20, 20, 3),
(26, 21, 20, 3),
(27, 21, 1, 3),
(28, 22, 3, 3),
(29, 22, 4, 3),
(30, 22, 13, 1),
(31, 23, 18, 3),
(32, 23, 21, 3),
(33, 24, 20, 3),
(34, 24, 22, 3),
(35, 25, 22, 3),
(36, 25, 23, 3),
(37, 25, 24, 3),
(38, 27, 23, 3),
(39, 27, 24, 3),
(40, 28, 23, 3),
(41, 28, 24, 3),
(42, 29, 16, 3),
(43, 29, 17, 3),
(44, 29, 19, 3),
(45, 29, 22, 3),
(46, 29, 23, 3),
(47, 30, 21, 3),
(48, 30, 22, 3),
(49, 31, 4, 3),
(50, 31, 23, 3),
(51, 31, 24, 3),
(52, 32, 7, 3),
(53, 32, 19, 3),
(54, 32, 22, 3),
(55, 32, 23, 3),
(56, 33, 25, 3),
(57, 34, 2, 3),
(58, 34, 25, 2),
(59, 35, 10, 3),
(60, 36, 2, 3),
(61, 36, 25, 1),
(62, 37, 4, 3),
(63, 37, 6, 3),
(64, 37, 8, 3),
(65, 38, 2, 3),
(66, 38, 25, 2),
(67, 39, 17, 3),
(68, 39, 19, 3),
(69, 39, 22, 3),
(70, 40, 16, 3),
(71, 40, 22, 3),
(72, 41, 7, 3),
(73, 41, 11, 3),
(74, 41, 15, 3),
(75, 41, 16, 3),
(76, 41, 22, 3),
(77, 42, 4, 3),
(78, 42, 7, 3),
(79, 42, 11, 3),
(80, 42, 15, 2),
(81, 42, 22, 3),
(82, 43, 19, 3),
(83, 43, 22, 3),
(84, 43, 23, 3),
(85, 43, 24, 3),
(86, 44, 11, 3),
(87, 44, 15, 3),
(88, 44, 16, 3),
(89, 44, 22, 3),
(90, 45, 1, 4),
(91, 45, 26, 3),
(92, 45, 27, 3),
(93, 46, 1, 2),
(94, 46, 26, 3),
(95, 46, 27, 3),
(96, 47, 14, 3),
(97, 47, 16, 3),
(98, 47, 26, 3),
(99, 47, 28, 3),
(100, 48, 1, 5),
(101, 48, 26, 3),
(102, 48, 27, 3),
(103, 49, 27, 3),
(104, 50, 1, 3),
(105, 50, 11, 3),
(106, 50, 15, 3),
(107, 50, 26, 3),
(108, 50, 27, 3),
(109, 51, 15, 3),
(110, 51, 27, 3),
(111, 51, 29, 3);

-- --------------------------------------------------------

--
-- Structure de la table `module_major`
--

CREATE TABLE `module_major` (
  `ID` int(11) NOT NULL,
  `ID_module` int(11) NOT NULL,
  `ID_major` int(11) NOT NULL,
  `option` bit(1) NOT NULL
) ENGINE=MyISAM DEFAULT CHARSET=latin1;

--
-- Déchargement des données de la table `module_major`
--

INSERT INTO `module_major` (`ID`, `ID_module`, `ID_major`, `option`) VALUES
(17, 7, 7, b'0'),
(16, 6, 7, b'0'),
(15, 4, 7, b'1'),
(14, 3, 7, b'1'),
(13, 2, 7, b'1'),
(12, 1, 7, b'1'),
(11, 11, 2, b'1'),
(10, 10, 2, b'1'),
(9, 9, 2, b'1'),
(8, 8, 2, b'1'),
(7, 7, 2, b'1'),
(6, 6, 2, b'1'),
(5, 4, 2, b'0'),
(4, 3, 2, b'0'),
(3, 2, 2, b'0'),
(2, 1, 2, b'0'),
(1, 5, 2, b'0'),
(18, 8, 7, b'1'),
(19, 9, 7, b'1'),
(20, 10, 7, b'1'),
(21, 11, 7, b'1'),
(22, 12, 7, b'0'),
(23, 13, 7, b'0'),
(24, 14, 7, b'0'),
(25, 2, 1, b'0'),
(26, 3, 1, b'1'),
(27, 4, 1, b'1'),
(28, 6, 1, b'1'),
(29, 7, 1, b'1'),
(30, 8, 1, b'0'),
(31, 9, 1, b'0'),
(32, 10, 1, b'0'),
(33, 11, 1, b'1'),
(34, 15, 1, b'0'),
(35, 16, 1, b'0'),
(36, 17, 1, b'1'),
(37, 18, 1, b'1'),
(38, 19, 1, b'1'),
(39, 6, 6, b'1'),
(40, 7, 6, b'0'),
(41, 10, 6, b'1'),
(42, 11, 6, b'1'),
(43, 17, 6, b'1'),
(44, 18, 6, b'1'),
(45, 20, 6, b'0'),
(46, 21, 6, b'0'),
(47, 22, 6, b'0'),
(48, 23, 6, b'0'),
(49, 24, 6, b'1'),
(50, 25, 6, b'1'),
(51, 26, 6, b'1'),
(52, 3, 4, b'1'),
(53, 6, 4, b'1'),
(54, 7, 4, b'1'),
(55, 8, 4, b'1'),
(56, 11, 4, b'1'),
(57, 22, 4, b'1'),
(58, 25, 4, b'0'),
(59, 26, 4, b'1'),
(60, 27, 4, b'0'),
(61, 28, 4, b'0'),
(62, 29, 4, b'0'),
(63, 30, 4, b'0'),
(64, 31, 4, b'1'),
(65, 32, 4, b'1'),
(66, 1, 5, b'1'),
(67, 3, 5, b'0'),
(68, 4, 5, b'0'),
(69, 5, 5, b'1'),
(70, 6, 5, b'1'),
(71, 9, 5, b'1'),
(72, 11, 5, b'1'),
(73, 25, 5, b'1'),
(74, 29, 5, b'0'),
(75, 31, 5, b'1'),
(76, 33, 5, b'0'),
(77, 34, 5, b'0'),
(78, 35, 5, b'1'),
(79, 36, 5, b'1'),
(80, 3, 3, b'1'),
(81, 16, 3, b'1'),
(82, 22, 3, b'0'),
(83, 24, 3, b'1'),
(84, 25, 3, b'1'),
(85, 26, 3, b'1'),
(86, 32, 3, b'1'),
(87, 37, 3, b'0'),
(88, 38, 3, b'0'),
(89, 39, 3, b'0'),
(90, 40, 3, b'0'),
(91, 41, 3, b'1'),
(92, 42, 3, b'1'),
(93, 43, 3, b'1'),
(94, 44, 3, b'1'),
(95, 45, 8, b'0'),
(96, 46, 8, b'0'),
(97, 47, 8, b'0'),
(98, 48, 8, b'0'),
(99, 49, 8, b'0'),
(100, 50, 8, b'0'),
(101, 51, 8, b'0');

-- --------------------------------------------------------

--
-- Structure de la table `spring_session`
--

CREATE TABLE `spring_session` (
  `PRIMARY_ID` char(36) NOT NULL,
  `SESSION_ID` char(36) NOT NULL,
  `CREATION_TIME` bigint(20) NOT NULL,
  `LAST_ACCESS_TIME` bigint(20) NOT NULL,
  `MAX_INACTIVE_INTERVAL` int(11) NOT NULL,
  `EXPIRY_TIME` bigint(20) NOT NULL,
  `PRINCIPAL_NAME` varchar(100) DEFAULT NULL
) ENGINE=InnoDB DEFAULT CHARSET=latin1 ROW_FORMAT=DYNAMIC;

--
-- Déchargement des données de la table `spring_session`
--

INSERT INTO `spring_session` (`PRIMARY_ID`, `SESSION_ID`, `CREATION_TIME`, `LAST_ACCESS_TIME`, `MAX_INACTIVE_INTERVAL`, `EXPIRY_TIME`, `PRINCIPAL_NAME`) VALUES
('3facc290-f9f8-4010-bac1-6a84b65dfbfc', '18e999d2-a3c3-41ed-92d2-69c19bbf817e', 1528835506078, 1528838779930, 1800, 1528840579930, NULL);

-- --------------------------------------------------------

--
-- Structure de la table `spring_session_attributes`
--

CREATE TABLE `spring_session_attributes` (
  `SESSION_PRIMARY_ID` char(36) NOT NULL,
  `ATTRIBUTE_NAME` varchar(200) NOT NULL,
  `ATTRIBUTE_BYTES` blob NOT NULL
) ENGINE=InnoDB DEFAULT CHARSET=latin1 ROW_FORMAT=DYNAMIC;

--
-- Déchargement des données de la table `spring_session_attributes`
--

INSERT INTO `spring_session_attributes` (`SESSION_PRIMARY_ID`, `ATTRIBUTE_NAME`, `ATTRIBUTE_BYTES`) VALUES
('3facc290-f9f8-4010-bac1-6a84b65dfbfc', 'concepts', 0xaced0005737200136a6176612e7574696c2e41727261794c6973747881d21d99c7619d03000149000473697a6578700000001d77040000001d73720027636f6d2e70726f6a6563742e63617076692e6d6f64656c2e636f6e636570742e436f6e63657074b790c470968ece6a02000349000249444c000b6465736372697074696f6e7400124c6a6176612f6c616e672f537472696e673b4c00046e616d6571007e000378700000000174001147657374696f6e2064652070726f6a657474001147657374696f6e2064652070726f6a65747371007e000200000002740023436f6e63657074206574206dc3a963616e697175652064652073c3a96375726974c3a9740023436f6e63657074206574206dc3a963616e697175652064652073c3a96375726974c3a97371007e00020000000374000353514c74000353514c7371007e00020000000474001e4c616e676167652064652067657374696f6e20646520646f6e6ec3a9657374001e4c616e676167652064652067657374696f6e20646520646f6e6ec3a965737371007e000200000005740006507974686f6e740006507974686f6e7371007e000200000006740017496e666f726d6174697175652064652067657374696f6e740017496e666f726d6174697175652064652067657374696f6e7371007e00020000000774000d44656570206c6561726e696e6774000d44656570206c6561726e696e677371007e00020000000874001452c3a97365617578206469737472696275c3a97374001452c3a97365617578206469737472696275c3a9737371007e00020000000974001150726f6772616d6d6174696f6e2077656274001150726f6772616d6d6174696f6e207765627371007e00020000000a7400044a6176617400044a6176617371007e00020000000b7400165468c3a96f72696520616c676f726974686d697175657400165468c3a96f72696520616c676f726974686d697175657371007e00020000000c74001f4c6f67696369656c2064652067657374696f6e20646520646f6e6ec3a9657374001f4c6f67696369656c2064652067657374696f6e20646520646f6e6ec3a965737371007e00020000000d74002741666669636861676520657420636f6d7072c3a968656e73696f6e20646520646f6e6ec3a9657374002741666669636861676520657420636f6d7072c3a968656e73696f6e20646520646f6e6ec3a965737371007e00020000000e74001041726368697465637475726520776562740010417263686974656374757265207765627371007e00020000000f7400164c6f6769717565206d617468c3a96d617469717565737400164c6f6769717565206d617468c3a96d617469717565737371007e0002000000107400154c616e676167657320696e666f726d6174697175657400154c616e676167657320696e666f726d6174697175657371007e000200000011740003432b2b740003432b2b7371007e000200000012740019416e616c797365206427696d616765207669727475656c6c65740019416e616c797365206427696d616765207669727475656c6c657371007e00020000001374000143740001437371007e000200000014740011416e616c797365206dc3a9646963616c65740011416e616c797365206dc3a9646963616c657371007e00020000001574001753797374c3a86d652064276578706c6f69746174696f6e74001753797374c3a86d652064276578706c6f69746174696f6e7371007e00020000001674000c456c656374726f6e6971756574000c456c656374726f6e697175657371007e0002000000177400065369676e616c7400065369676e616c7371007e00020000001874001d436f6e6e61697373616e63657320737572206c65732074656c65636f6d74001d436f6e6e61697373616e63657320737572206c65732074656c65636f6d7371007e0002000000197400154172636869746563747572652072c3a973656175787400154172636869746563747572652072c3a973656175787371007e00020000001a7400134dc3a974686f646f6c6f676965206167696c657400134dc3a974686f646f6c6f676965206167696c657371007e00020000001b74000d436f6d6d756e69636174696f6e74000d436f6d6d756e69636174696f6e7371007e00020000001c74000a5765622064657369676e74000a5765622064657369676e7371007e00020000001d74000a436f6d6d65726369616c74000a436f6d6d65726369616c78),
('3facc290-f9f8-4010-bac1-6a84b65dfbfc', 'isAdmin', 0xaced0005737200116a6176612e6c616e672e426f6f6c65616ecd207280d59cfaee0200015a000576616c7565787001),
('3facc290-f9f8-4010-bac1-6a84b65dfbfc', 'islogged', 0xaced0005737200116a6176612e6c616e672e426f6f6c65616ecd207280d59cfaee0200015a000576616c7565787001),
('3facc290-f9f8-4010-bac1-6a84b65dfbfc', 'majors', 0xaced0005737200136a6176612e7574696c2e41727261794c6973747881d21d99c7619d03000149000473697a6578700000000877040000000873720023636f6d2e70726f6a6563742e63617076692e6d6f64656c2e6d616a6f722e4d616a6f727aba2a4a89f07a3502000349000249444c000b6465736372697074696f6e7400124c6a6176612f6c616e672f537472696e673b4c00046e616d6571007e0003787000000001740000740013494e47c3894e49455552204c4f47494349454c7371007e00020000000274000074002841524348495445435445204445532053595354c3884d45532044e28099494e464f524d4154494f4e7371007e000200000003740000740022434f4e434550544555522044452053595354c3884d455320454d4241525155c389537371007e00020000000474000074001a415243484954454354452054c3894cc389434f4d202620494f547371007e00020000000574000074002f494e47c3894e4945555220454e2053c3894355524954c389204e554dc38952495155452045542052c38953454155587371007e00020000000674000074001f494e47c3894e49455552204e554dc38952495155452045542053414e54c3897371007e000200000007740000740023494e47c3894e4945555220454e20425553494e45535320494e54454c4c4947454e43457371007e000200000008740026494e4e4f564154494f4e204554204352c3894154494f4e2044e28099454e5452455052495345740026494e4e4f564154494f4e204554204352c3894154494f4e2044e28099454e545245505249534578),
('3facc290-f9f8-4010-bac1-6a84b65dfbfc', 'modules', 0xaced0005737200136a6176612e7574696c2e41727261794c6973747881d21d99c7619d03000149000473697a6578700000003377040000003373720025636f6d2e70726f6a6563742e63617076692e6d6f64656c2e6d6f64756c652e4d6f64756c65000000000000000102000349000249444c000b6465736372697074696f6e7400124c6a6176612f6c616e672f537472696e673b4c00046e616d6571007e00037870000000017400264f7267616e69736174696f6e2064657320656e747265707269736573206574206465732053497400264f7267616e69736174696f6e2064657320656e747265707269736573206574206465732053497371007e00020000000274000f47c3a96e6965204c6f67696369656c74000f47c3a96e6965204c6f67696369656c7371007e00020000000374000f437962657273c3a96375726974c3a974000f437962657273c3a96375726974c3a97371007e00020000000474001c47657374696f6e20646573207269737175657320657420617564697474001c47657374696f6e2064657320726973717565732065742061756469747371007e00020000000574002a417263686974656374757265206465732073797374c3a86d65732064e28099696e666f726d6174696f6e74002a417263686974656374757265206465732073797374c3a86d65732064e28099696e666f726d6174696f6e7371007e00020000000674001d426173657320646520646f6e6ec3a9657320657420426967204461746174001d426173657320646520646f6e6ec3a965732065742042696720446174617371007e0002000000077400104d616368696e65206c6561726e696e677400104d616368696e65206c6561726e696e677371007e00020000000874002a4172636869746563747572652065742070726f6772616d6d6174696f6e206469737472696275c3a9657374002a4172636869746563747572652065742070726f6772616d6d6174696f6e206469737472696275c3a965737371007e000200000009740010546563686e6f6c6f6769657320776562740010546563686e6f6c6f67696573207765627371007e00020000000a740028416c676f726974686d697175652065742070726f6772616d6d6174696f6e206176616e63c3a96573740028416c676f726974686d697175652065742070726f6772616d6d6174696f6e206176616e63c3a965737371007e00020000000b7400144170706c69636174696f6e73206d6f62696c65737400144170706c69636174696f6e73206d6f62696c65737371007e00020000000c74001e4dc3a974686f646573206574206f7574696c7320706f7572206c6120424974001e4dc3a974686f646573206574206f7574696c7320706f7572206c612042497371007e00020000000d740013416e616c79736520646520646f6e6ec3a96573740013416e616c79736520646520646f6e6ec3a965737371007e00020000000e74002b5765622073c3a96d616e74697175652065742067657374696f6e2064657320636f6e6e61697373616e636574002b5765622073c3a96d616e74697175652065742067657374696f6e2064657320636f6e6e61697373616e63657371007e00020000000f7400134dc3a974686f64657320666f726d656c6c65737400134dc3a974686f64657320666f726d656c6c65737371007e0002000000107400174c616e676167657320657420636f6d70696c6174696f6e7400174c616e676167657320657420636f6d70696c6174696f6e7371007e0002000000117400184170706c69636174696f6e73206d756c74696dc3a96469617400184170706c69636174696f6e73206d756c74696dc3a96469617371007e00020000001274002233442c2072c3a9616c6974c3a973206d69787465206574206175676d656e74c3a96574002233442c2072c3a9616c6974c3a973206d69787465206574206175676d656e74c3a9657371007e00020000001374001d50726f6772616d6d6174696f6e20656e2043202873797374c3a86d652974001d50726f6772616d6d6174696f6e20656e2043202873797374c3a86d65297371007e00020000001474002b496e737472756d656e746174696f6e2065742073797374c3a86d657320706f7572206c612073616e74c3a974002b496e737472756d656e746174696f6e2065742073797374c3a86d657320706f7572206c612073616e74c3a97371007e0002000000157400244f7267616e69736174696f6e206465732073797374c3a86d65732064652073616e74c3a97400244f7267616e69736174696f6e206465732073797374c3a86d65732064652073616e74c3a97371007e0002000000167400264163717569736974696f6e206574207472616974656d656e742064657320646f6e6ec3a965737400264163717569736974696f6e206574207472616974656d656e742064657320646f6e6ec3a965737371007e000200000017740015566973696f6e20706172206f7264696e6174657572740015566973696f6e20706172206f7264696e61746575727371007e00020000001874001b526f626f746971756520706f7572206c61206dc3a9646563696e6574001b526f626f746971756520706f7572206c61206dc3a9646563696e657371007e00020000001974002052c3a973656175782064e280996f626a65747320636f6d6d756e6963616e747374002052c3a973656175782064e280996f626a65747320636f6d6d756e6963616e74737371007e00020000001a740018c3896c656374726f6e6971756520646573206f626a657473740018c3896c656374726f6e6971756520646573206f626a6574737371007e00020000001b74001452c3a973656175782063656c6c756c616972657374001452c3a973656175782063656c6c756c61697265737371007e00020000001c740015436f6d6d756e69636174696f6e7320726164696f73740015436f6d6d756e69636174696f6e7320726164696f737371007e00020000001d740025536572766963657320657420746563686e6f6c6f6769657320636f6e76657267656e746573740025536572766963657320657420746563686e6f6c6f6769657320636f6e76657267656e7465737371007e00020000001e740019496e74c3a967726174696f6e2064652073797374c3a86d6573740019496e74c3a967726174696f6e2064652073797374c3a86d65737371007e00020000001f74002c5472616974656d656e74206465206ce28099696e666f726d6174696f6e20657420686175742064c3a962697474002c5472616974656d656e74206465206ce28099696e666f726d6174696f6e20657420686175742064c3a96269747371007e00020000002074001556c3a9686963756c657320636f6e6e656374c3a97374001556c3a9686963756c657320636f6e6e656374c3a9737371007e000200000021740016526f757461676520657420636f6d6d75746174696f6e740016526f757461676520657420636f6d6d75746174696f6e7371007e00020000002274001353c3a96375726974c3a92072c3a9736561757874001353c3a96375726974c3a92072c3a973656175787371007e00020000002374001e416c676f726974686d697175652065742070726f6772616d6d6174696f6e74001e416c676f726974686d697175652065742070726f6772616d6d6174696f6e7371007e000200000024740021526f757461676520657420617263686974656374757265206176616e63c3a96573740021526f757461676520657420617263686974656374757265206176616e63c3a965737371007e000200000025740028436f6e63657074696f6e206574206d6f64c3a96c69736174696f6e2064652073797374c3a86d6573740028436f6e63657074696f6e206574206d6f64c3a96c69736174696f6e2064652073797374c3a86d65737371007e00020000002674002846696162696c6974c3a92065742053c3bb726574c3a920646520666f6e6374696f6e6e656d656e7474002846696162696c6974c3a92065742053c3bb726574c3a920646520666f6e6374696f6e6e656d656e747371007e00020000002774001d4d6963726f73797374c3a86d657320c3a96c656374726f6e697175657374001d4d6963726f73797374c3a86d657320c3a96c656374726f6e69717565737371007e00020000002874001c4d6963726f73797374c3a86d657320696e666f726d6174697175657374001c4d6963726f73797374c3a86d657320696e666f726d617469717565737371007e00020000002974001fc3896c656374726f6e69717565206e756dc3a972697175652072617069646574001fc3896c656374726f6e69717565206e756dc3a97269717565207261706964657371007e00020000002a74001a4175746f6d6174697175652065742054656d70732072c3a9656c74001a4175746f6d6174697175652065742054656d70732072c3a9656c7371007e00020000002b74001a53797374c3a86d657320726164696f6672c3a97175656e63657374001a53797374c3a86d657320726164696f6672c3a97175656e6365737371007e00020000002c740013417070726f6368657320666f726d656c6c6573740013417070726f6368657320666f726d656c6c65737371007e00020000002d74000a4d616e6167656d656e7474000a4d616e6167656d656e747371007e00020000002e7400094d61726b6574696e677400094d61726b6574696e677371007e00020000002f74000f44657369676e207468696e6b696e6774000f44657369676e207468696e6b696e677371007e00020000003074001147657374696f6e2064652070726f6a657474001147657374696f6e2064652070726f6a65747371007e00020000003174000c4ec3a9676f63696174696f6e74000c4ec3a9676f63696174696f6e7371007e00020000003274001a50726f707269c3a974c3a920696e74656c6c65637475656c6c6574001a50726f707269c3a974c3a920696e74656c6c65637475656c6c657371007e00020000003374000b46696e616e63656d656e7474000b46696e616e63656d656e7478),
('3facc290-f9f8-4010-bac1-6a84b65dfbfc', 'user', 0xaced000573720021636f6d2e70726f6a6563742e63617076692e6d6f64656c2e757365722e55736572000000000000000102000649000249445a000561646d696e4c0005656d61696c7400124c6a6176612f6c616e672f537472696e673b4c00046e616d6571007e00014c000870617373776f726471007e00014c000673746174757371007e00017870000000030174000f61646d696e40676d61696c2e636f6d74000561646d696e74000561646d696e74000561646d696e),
('3facc290-f9f8-4010-bac1-6a84b65dfbfc', 'username', 0xaced000574000561646d696e);

-- --------------------------------------------------------

--
-- Structure de la table `user`
--

CREATE TABLE `user` (
  `ID` int(11) NOT NULL,
  `email` varchar(255) CHARACTER SET utf8 COLLATE utf8_unicode_ci NOT NULL,
  `password` varchar(255) CHARACTER SET utf8 COLLATE utf8_unicode_ci NOT NULL,
  `admin` tinyint(1) NOT NULL,
  `name` varchar(255) CHARACTER SET utf8 COLLATE utf8_unicode_ci NOT NULL,
  `status` varchar(255) CHARACTER SET utf8 COLLATE utf8_unicode_ci NOT NULL
) ENGINE=InnoDB DEFAULT CHARSET=latin1;

--
-- Déchargement des données de la table `user`
--

INSERT INTO `user` (`ID`, `email`, `password`, `admin`, `name`, `status`) VALUES
(3, 'admin@gmail.com', 'admin', 1, 'admin', 'admin'),
(4, 'user@gmail.com', 'user', 0, 'user', 'user');

--
-- Index pour les tables déchargées
--

--
-- Index pour la table `concept`
--
ALTER TABLE `concept`
  ADD PRIMARY KEY (`id`);

--
-- Index pour la table `job`
--
ALTER TABLE `job`
  ADD PRIMARY KEY (`ID`);

--
-- Index pour la table `job_major`
--
ALTER TABLE `job_major`
  ADD PRIMARY KEY (`ID`),
  ADD KEY `fk_foreign_key_name` (`ID_job`),
  ADD KEY `fk_foreign_key_nam` (`ID_major`);

--
-- Index pour la table `major`
--
ALTER TABLE `major`
  ADD PRIMARY KEY (`ID`);

--
-- Index pour la table `module`
--
ALTER TABLE `module`
  ADD PRIMARY KEY (`ID`);

--
-- Index pour la table `module_concept`
--
ALTER TABLE `module_concept`
  ADD PRIMARY KEY (`ID`),
  ADD KEY `fk_foreign_key_na` (`ID_module`),
  ADD KEY `fk_foreign_key_n` (`ID_concept`);

--
-- Index pour la table `module_major`
--
ALTER TABLE `module_major`
  ADD PRIMARY KEY (`ID`),
  ADD KEY `fk_foreign_key_` (`ID_module`),
  ADD KEY `fk_foreign_key` (`ID_major`);

--
-- Index pour la table `spring_session`
--
ALTER TABLE `spring_session`
  ADD PRIMARY KEY (`PRIMARY_ID`),
  ADD UNIQUE KEY `SPRING_SESSION_IX1` (`SESSION_ID`),
  ADD KEY `SPRING_SESSION_IX2` (`EXPIRY_TIME`),
  ADD KEY `SPRING_SESSION_IX3` (`PRINCIPAL_NAME`);

--
-- Index pour la table `spring_session_attributes`
--
ALTER TABLE `spring_session_attributes`
  ADD PRIMARY KEY (`SESSION_PRIMARY_ID`,`ATTRIBUTE_NAME`);

--
-- Index pour la table `user`
--
ALTER TABLE `user`
  ADD PRIMARY KEY (`ID`);

--
-- AUTO_INCREMENT pour les tables déchargées
--

--
-- AUTO_INCREMENT pour la table `concept`
--
ALTER TABLE `concept`
  MODIFY `id` int(11) NOT NULL AUTO_INCREMENT, AUTO_INCREMENT=30;

--
-- AUTO_INCREMENT pour la table `job`
--
ALTER TABLE `job`
  MODIFY `ID` int(11) NOT NULL AUTO_INCREMENT, AUTO_INCREMENT=17;

--
-- AUTO_INCREMENT pour la table `job_major`
--
ALTER TABLE `job_major`
  MODIFY `ID` int(11) NOT NULL AUTO_INCREMENT, AUTO_INCREMENT=31;

--
-- AUTO_INCREMENT pour la table `major`
--
ALTER TABLE `major`
  MODIFY `ID` int(11) NOT NULL AUTO_INCREMENT, AUTO_INCREMENT=9;

--
-- AUTO_INCREMENT pour la table `module`
--
ALTER TABLE `module`
  MODIFY `ID` int(11) NOT NULL AUTO_INCREMENT, AUTO_INCREMENT=52;

--
-- AUTO_INCREMENT pour la table `module_concept`
--
ALTER TABLE `module_concept`
  MODIFY `ID` int(11) NOT NULL AUTO_INCREMENT, AUTO_INCREMENT=112;

--
-- AUTO_INCREMENT pour la table `module_major`
--
ALTER TABLE `module_major`
  MODIFY `ID` int(11) NOT NULL AUTO_INCREMENT, AUTO_INCREMENT=102;

--
-- AUTO_INCREMENT pour la table `user`
--
ALTER TABLE `user`
  MODIFY `ID` int(11) NOT NULL AUTO_INCREMENT, AUTO_INCREMENT=5;

--
-- Contraintes pour les tables déchargées
--

--
-- Contraintes pour la table `job_major`
--
ALTER TABLE `job_major`
  ADD CONSTRAINT `fk_foreign_key_nam` FOREIGN KEY (`ID_major`) REFERENCES `major` (`ID`),
  ADD CONSTRAINT `fk_foreign_key_name` FOREIGN KEY (`ID_job`) REFERENCES `job` (`ID`);

--
-- Contraintes pour la table `module_concept`
--
ALTER TABLE `module_concept`
  ADD CONSTRAINT `fk_foreign_key_n` FOREIGN KEY (`ID_concept`) REFERENCES `concept` (`id`),
  ADD CONSTRAINT `fk_foreign_key_na` FOREIGN KEY (`ID_module`) REFERENCES `module` (`ID`);

--
-- Contraintes pour la table `spring_session_attributes`
--
ALTER TABLE `spring_session_attributes`
  ADD CONSTRAINT `SPRING_SESSION_ATTRIBUTES_FK` FOREIGN KEY (`SESSION_PRIMARY_ID`) REFERENCES `spring_session` (`PRIMARY_ID`) ON DELETE CASCADE;
COMMIT;

/*!40101 SET CHARACTER_SET_CLIENT=@OLD_CHARACTER_SET_CLIENT */;
/*!40101 SET CHARACTER_SET_RESULTS=@OLD_CHARACTER_SET_RESULTS */;
/*!40101 SET COLLATION_CONNECTION=@OLD_COLLATION_CONNECTION */;
